Name,Reel Url,Downloaded,Uploaded
Yochi,https://www.instagram.com/reel/DKdrd7vpfhk/?utm_source=ig_web_copy_link,,
Viper,https://www.instagram.com/reel/DKbMI0oRPL_/?utm_source=ig_web_copy_link,,
Boulder,https://www.instagram.com/reel/DKjg0vdNORk/?utm_source=ig_web_copy_link,,
Test1,https://www.instagram.com/reel/DKjt1EQvfKK/?utm_source=ig_web_copy_link,,
Test2,https://www.instagram.com/reel/DKeYUU7ySF_/?utm_source=ig_web_copy_link,,
Test3,https://www.instagram.com/reel/DJR6dVMNx6-/?utm_source=ig_web_copy_link,,
Test4,https://www.instagram.com/reel/DIlytttx61s/?utm_source=ig_web_copy_link,,
nan_5,https://www.instagram.com/reel/DKQG6OtpIRr/?utm_source=ig_web_copy_link,,
nan_1_1,https://www.instagram.com/reel/DKbveESTCnb/?utm_source=ig_web_copy_link,,
nan_2_1,https://www.instagram.com/reel/DKcbphmoLWd/?utm_source=ig_web_copy_link,,
nan_3_1,https://www.instagram.com/reel/DKhzHBdOQfM/?utm_source=ig_web_copy_link,,
nan_4_1,https://www.instagram.com/reel/DKjiH-NzRdB/?utm_source=ig_web_copy_link,TRUE,
n_1,https://www.instagram.com/reel/DJi4WBCtd11/?utm_source=ig_web_copy_link,TRUE,
nan_8.mp4_1,https://www.instagram.com/reel/DKkbXtXTC2h/?utm_source=ig_web_copy_link,TRUE,
nan_9_1,https://www.instagram.com/reel/DKkA2OxRnd4/?utm_source=ig_web_copy_link,TRUE,
